descricao,sigla,id
ASSESSORIA PARA ASSUNTOS INSTITUCIONAIS,ARA,40
ASSESSORIA DE CONCESSOES E PARCERIAS,ARC,114
ASSESSORIA DE GESTAO ESTRATEGICA EMPRESARIAL,ARE,94
CESSAO SECRETARIA TRANSPORTES METROPOLITANOS,CED,50
CESSAO CIA DO METROPOLITANO DE SAO PAULO,CED,66
CESSAO EMPRESA METROPOLITANA TRANSP URBANOS,CED,67
CESSAO CASA CIVIL GOVERNO ESTADO SAO PAULO,CED,68
CESSAO SIND TRAB EMPRESAS FERROV SAO PAULO,CED,69
CESSAO SIND TRAB EMPRESAS FERROV ZONA SOROCABANA,CED,70
CESSAO SIND TRAB EMPRESAS FERROV ZONA CENTRAL DO BRASIL,CED,103
CESSAO SIND ENGENHEIROS NO ESTADO DE SP,CED,383
CESSAO CIA DE SANEAMENTO BASICO DO ESTADO DE SP,CED,513
DEPARTAMENTO DE MEIO AMBIENTE - EMPREENDIMENTOS,DEAE,263
DEPARTAMENTO DE MEIO AMBIENTE - OPERACAO,DEAO,264
DEPARTAMENTO DE OBRAS CIVIS - EXPANSAO LINHA 9,DEDC,260
DEPARTAMENTO DE MONTAGEM DE VP E REDE AEREA - EXPANSAO LINHA 9,DEDM,261
DEPARTAMENTO DE IMPLANTACAO DE SISTEMAS - EXPANSAO LINHA 9,DEDS,262
DEPARTAMENTO DE OBRAS CIVIS,DEOC,259
DEPARTAMENTO DE PROJETOS DE INFRAESTRUTURA,DEPI,255
DEPARTAMENTO DE PROJETOS DE EDIFICACOES,DEPI,256
DEPARTAMENTO DE PROJETOS DE INSTALACOES E SISTEMAS,DEPS,257
DEPARTAMENTO DE CONSISTENCIA E INOVACAO DE PROJETOS,DEPS,258
DEPARTAMENTO DE SINALIZACAO E TELECOMUNICACOES,DETA,265
DEPARTAMENTO DE SISTEMAS DE ENERGIA,DETE,266
DEPARTAMENTO DE PROJETOS DE IMPLANTACAO DE SISTEMAS,DETO,267
LOGISTICA ADM-B VISTA,DFAL,145
EXPEDIÇÃO - PRES ALTINO,DFAL,146
LOGISTICA ADM-RODOVIARIO - PRES ALT,DFAL,147
ARQUIVO ADMINISTRATIVO - LAPA,DFAL,148
GESTAO DE DOCUMENTOS,DFAL,167
DEPTO DE LOGISTICA ADMINISTRATIVA,DFAL,182
ARQUIVO TÉCNICO - PRES ALT,DFAL,183
EXPEDICAO-BOA VISTA,DFAL,218
EXPEDICAO - LAPA,DFAL,219
BIBLIOTECA-PRES ALTINO,DFAL,220
ARQUIVO-BOA VISTA,DFAL,324
DEPTO DE SERV ADMINISTRATIVOS,DFAS,84
SERV ADM-CONTAS PUBLICAS,DFAS,149
SERV ADM-CONTRATOS,DFAS,150
SERV ADM-BOA VISTA,DFAS,187
DEPTO DE CONTRATACOES E COMPRAS,DFCC,64
DEPTO DE CONTRATAÇÕES E COMPRAS POR MEIO ELETRÔNICO,DFCE,65
DEPTO DE FINANCAS,DFFA,61
DEPTO DE FINANCAS-LUZ,DFFA,62
DEPTO DE CONTROLE DE CONTRATOS,DFFC,226
DEPTO DE CONTROLE E ORCAMENTO,DFFO,204
EQUIPE DE CARGOS E SALARIOS,DFHD,517
DEPARTAMENTO DE PROVIMENTO E DESENVOLVIMENTO DE PESSOAL,DFHD,577
CENTRO DE FORMACAO PROFISSIONAL,DFHD,578
CENTRO DE FORMACAO PROFISSIONAL - APRENDIZES,DFHD,579
EQUIPE DE PROVIMENTO DE PESSOAL,DFHD,580
EQUIPE DE SUPORTE TECNICO E ADMINISTRATIVO,DFHD,581
EQUIPE DE DESENVOLVIMENTO DE PESSOAL,DFHD,582
DEPARTAMENTO DE SAUDE OCUPACIONAL INTEGRAL,DFHO,435
EQUIPE DE SAUDE OCUPACIONAL INTEGRAL,DFHO,436
EQUIPE DE SAUDE OCUPACIONAL INTEGRAL - BRAS,DFHO,437
EQUIPE DE SAUDE OCUPACIONAL INTEGRAL - LAPA,DFHO,438
EQUIPE DE SAUDE OCUPACIONAL INTEGRAL - PRESIDENTE ALTINO,DFHO,439
NUCLEO PREVENTIVO TRABALHISTA,DFHP,516
DEPARTAMENTO DE ADMINISTRACAO DE PESSOAL,DFHP,575
ADMINISTRACAO DE PESSOAL - ARQUIVO LAPA,DFHP,576
DEPARTAMENTO DE SEGURANCA DO TRABALHO E RELACOES SINDICAIS,DFHR,482
DEPTO DE SEGURANCA DO TRABALHO E RELACOES SINDICAIS - SECRETARIA BRAS,DFHR,483
"NUCLEO DE AVALIACOES AMBIENTAIS, LAUDO E GESTAO DE RISCO",DFHR,484
NUCLEO DE NORMATIZACAO E PADRONIZACAO - BRAS,DFHR,485
"NUCLEO PPRA E PROCESSOS JURIDICOS (GRJ, MTE, MPT E SRTE)",DFHR,486
"NUCLEO PPRA E PROCESSOS JURIDICOS (GRJ, MTE, MPT E SRTE)",DFHR,487
"EQUIPE SEGURANCA DO TRABALHO LINHAS 7, 8 E 9",DFHR,488
"EQUIPE SEGURANCA DO TRABALHO LINHAS 7, 8 E 9 - LAPA",DFHR,489
"EQUIPE SEGURANCA DO TRABALHO LINHAS 10, 11, 12 E 13",DFHR,490
EQUIPE DE SEGURANCA DO TRABALHO E RELACOES SINDICAIS,DFHR,491
"EQUIPE SEGURANCA DO TRABALHO LINHAS 7, 8 E 9 - PRESIDENTE ALTINO",DFHR,507
DEPARTAMENTO DE SAUDE OCUPACIONAL E SEGURANCA DO TRABALHO,DFHS,518
SEGURANCA DO TRABALHO - SECRETARIA BRAS,DFHS,519
"NUCLEO DE AVALIACOES AMBIENTAIS, LAUDO E GESTAO DE RISCO",DFHS,520
"NUCLEO PPRA E PROCESSOS JURIDICOS (GRJ, MTE, MPT E SRTE)",DFHS,521
EQUIPE DE SAUDE OCUPACIONAL INTEGRAL,DFHS,522
EQUIPE DE SAUDE OCUPACIONAL INTEGRAL - BRAS,DFHS,523
EQUIPE DE SAUDE OCUPACIONAL INTEGRAL - LAPA,DFHS,524
EQUIPE DE SAUDE OCUPACIONAL INTEGRAL - ALTINO,DFHS,525
"EQUIPE SEGURANCA DO TRABALHO LINHAS 7, 8 E 9",DFHS,526
"EQUIPE SEGURANCA DO TRABALHO LINHAS 7, 8 E 9 - LAPA",DFHS,527
"EQUIPE SEGURANCA DO TRABALHO LINHAS 7, 8 E 9 - ALTINO",DFHS,528
"EQUIPE SEGURANCA DO TRABALHO LINHAS 10, 11, 12 E 13",DFHS,529
DEPARTAMENTO DE SUPORTE DE MANUTENCAO,DFIM,158
DEPARTAMENTO DE OPERACAO DE TI,DFIO,157
DEPARTAMENTO DE OPERACAO DE TI-B VISTA,DFIO,205
DEPARTAMENTO DE DESENVOLVIMENTO E APLICACAO DE SISTEMAS,DFIS,156
DEPTO DE CONTABILIDADE E CUSTOS,DFSC,195
DEPARTAMENTO FISCAL,DFSF,228
EQUIPE TRACAO 7/10,DOC1,57
MOVIMENTO DE TRENS 7/10-LUZ,DOC1,58
MOVIMENTO DE TRENS 7/10-FCO MORATO,DOC1,124
DEPTO DE CIRCULACAO-LINHAS 7/10,DOC1,177
MOVIMENTO DE TRENS 7/10-MAUA,DOC1,253
EQUIPE TRACAO 8/9,DOC2,72
DEPTO DE CIRCULACAO-LINHAS 8/9,DOC2,109
MOVIMENTO DE TRENS 8/9-BARRA FUNDA,DOC2,164
MOVIMENTO DE TRENS 8/9-OSASCO,DOC2,165
MOVIMENTO DE TRENS 8/9-ITAPEVI,DOC2,493
DEPTO DE CIRCULACAO-LINHAS 11/12/13,DOC3,337
EQUIPE TRACAO 11/12/13,DOC3,338
MOVIMENTO DE TRENS 11/12/13 - BRAS,DOC3,339
MOVIMENTO DE TRENS 11/12/13 - GUAIANAZES,DOC3,340
MOVIMENTO DE TRENS 11/12/13 - ITAIM,DOC3,341
MOVIMENTO DE TRENS 11/12/13 - SUZANO,DOC3,342
MOVIMENTO DE TRENS 11/12/13 ENG GOULART,DOC3,351
MOVIMENTO DE TRENS 11/12/13 AEROPORTO,DOC3,352
DEPTO DE CONTROLE OPERACIONAL,DOCP,53
CONTROLE DE TRAFEGO-CCO 8/9,DOCP,56
CONTROLE DE TRAFEGO-CCO 7/10,DOCP,79
CONTROLE DE TRAFEGO-CCO 11/12/13,DOCP,336
LAVADOR DE CARROS BARRA FUNDA-7/10,DOCT,142
LAVADOR DE CARROS PRES ALTINO-8/9,DOCT,143
DEPTO DE ESTRATEGIAS OPERACIONAIS,DOCT,203
LAVADOR DE CARROS JUNDIAPEBA-11/12,DOCT,363
ESTACAO GUAPITUBA,DOE1,268
ESTACAO RIBEIRAO PIRES,DOE1,269
ESTACAO RIO GRANDE DA SERRA,DOE1,270
DEPTO DE ESTACOES E SERVICOS - LINHAS 7/10,DOE1,326
ESTACAO AGUA BRANCA,DOE1,327
ESTACAO LAPA 7,DOE1,328
ESTACAO PIQUERI,DOE1,329
ESTACAO PIRITUBA,DOE1,330
ESTACAO VILA CLARICE,DOE1,331
ESTACAO JARAGUA,DOE1,332
ESTACAO VILA AURORA,DOE1,333
ESTACAO PERUS,DOE1,334
ESTACAO CAIEIRAS,DOE1,335
ESTACAO FRANCO DA ROCHA,DOE1,364
ESTACAO BALTAZAR FIDELIS,DOE1,365
ESTACAO FRANCISCO MORATO,DOE1,366
ESTACAO BOTUJURU,DOE1,367
ESTACAO CAMPO LIMPO PAULISTA,DOE1,368
ESTACAO VARZEA PAULISTA,DOE1,369
ESTACAO JUNDIAI,DOE1,370
ESTACAO LUZ,DOE1,371
ESTACAO MOOCA,DOE1,372
ESTACAO IPIRANGA,DOE1,373
ESTACAO TAMANDUATEI,DOE1,374
ESTACAO SAO CAETANO,DOE1,375
ESTACAO UTINGA,DOE1,415
ESTACAO PREFEITO SALADINO,DOE1,416
ESTACAO PREF CELSO DANIEL - SANTO ANDRE,DOE1,417
ESTACAO CAPUAVA,DOE1,418
ESTACAO MAUA,DOE1,419
ESTACAO BERRINI,DOE2,271
ESTACAO MORUMBI,DOE2,272
ESTACAO GRANJA JULIETA,DOE2,273
ESTACAO SANTO AMARO,DOE2,274
ESTACAO SOCORRO,DOE2,275
ESTACAO JURUBATUBA,DOE2,276
ESTACAO AUTODROMO,DOE2,277
ESTACAO PRIMAVERA - INTERLAGOS,DOE2,278
DEPTO DE ESTACOES E SERVICOS - LINHAS 8/9,DOE2,376
ESTACAO JULIO PRESTES,DOE2,377
ESTACAO PALMEIRAS - BARRA FUNDA,DOE2,378
ESTACAO LAPA 8,DOE2,379
ESTACAO DOMINGOS DE MORAES,DOE2,380
ESTACAO IMPERATRIZ LEOPOLDINA,DOE2,381
ESTACAO COMANDANTE SAMPAIO,DOE2,382
ESTACAO QUITAUNA,DOE2,389
ESTACAO GENERAL MIGUEL COSTA,DOE2,390
ESTACAO CARAPICUIBA,DOE2,391
ESTACAO SANTA TEREZINHA,DOE2,392
ESTACAO ANTONIO JOAO,DOE2,393
ESTACAO BARUERI,DOE2,394
ESTACAO JARDIM BELVAL,DOE2,395
ESTACAO JARDIM SILVEIRA,DOE2,396
ESTACAO JANDIRA,DOE2,397
ESTACAO SAGRADO CORACAO,DOE2,398
ESTACAO ENG CARDOSO,DOE2,399
ESTACAO ITAPEVI,DOE2,400
ESTACAO SANTA RITA,DOE2,401
ESTACAO AMADOR BUENO,DOE2,402
ESTACAO OSASCO,DOE2,403
ESTACAO PRESIDENTE ALTINO,DOE2,404
ESTACAO CEASA,DOE2,405
ESTACAO VILLA LOBOS - JAGUARE,DOE2,406
ESTACAO CIDADE UNIVERSITARIA,DOE2,407
ESTACAO PINHEIROS,DOE2,408
ESTACAO HEBRAICA - REBOUCAS,DOE2,409
ESTACAO CIDADE JARDIM,DOE2,410
ESTACAO VILA OLIMPIA,DOE2,411
DEPTO DE ESTACOES E SERVICOS - LINHAS 11/12/13,DOE3,279
ESTACAO FERRAZ DE VASCONCELOS,DOE3,280
ESTACAO POA,DOE3,281
ESTACAO SUZANO,DOE3,282
ESTACAO JUNDIAPEBA,DOE3,283
ESTACAO TATUAPE,DOE3,284
ESTACAO COMENDADOR ERMELINO,DOE3,285
ESTACAO SAO MIGUEL PAULISTA,DOE3,286
ESTACAO ITAIM PAULISTA,DOE3,287
ESTACAO JARDIM ROMANO,DOE3,288
ESTACAO ENG MANOEL FEIO,DOE3,289
ESTACAO ITAQUAQUECETUBA,DOE3,290
ESTACAO ARACARE,DOE3,291
ESTACAO CALMON VIANA,DOE3,503
ESTACAO ENG GOULART,DOE3,504
ESTACAO GUARULHOS - CECAP,DOE3,505
ESTACAO AEROPORTO - GUARULHOS,DOE3,506
EQUIPE DE IMPLANTACAO DE SISTEMAS AUXILIARES,DOFA,30
DEPTO DE MANUTENCAO DE SISTEMAS AUXILIARES,DOFA,362
MANUTENCAO DE SISTEMAS AUXILIARES - SISTEMAS ELETRICOS - BRAS,DOFA,420
MANUTENCAO DE SISTEMAS AUXILIARES - SISTEMAS ELETRICOS - LAPA,DOFA,421
MANUTENCAO DE SISTEMAS AUXILIARES - SISTEMAS ELETRICOS - LUZ,DOFA,422
MANUTENCAO DE SISTEMAS AUXILIARES - SISTEMAS ELETRICOS - P ALTINO,DOFA,423
MANUTENCAO DE SISTEMAS AUXILIARES - SISTEMAS ELETRICOS - SAO CAETANO,DOFA,424
MANUTENCAO DE SISTEMAS AUXILIARES - CD 90 HZ - PRESIDENTE ALTINO,DOFA,425
MANUTENCAO DE SISTEMAS AUXILIARES - ESCADAS ROLANTES E ELEVADORES,DOFA,426
MANUTENCAO DE SISTEMAS AUXILIARES - GERADORES,DOFA,427
MANUTENCAO DE SISTEMAS AUXILIARES - SISTEMAS ELETRICOS - CALMON VIANA,DOFA,463
CLIMATIZACAO - BRAS,DOFA,501
DEPTO DE MANUT DE SISTEMAS DE ENERGIA,DOFE,20
REDE AEREA 7/10 - MAUA,DOFE,21
REDE AEREA 7/10 - BARRA FUNDA,DOFE,22
REDE AEREA 8/9 - DOMINGOS DE MORAES,DOFE,23
SUBESTACAO CALMON VIANA,DOFE,196
REDE AEREA 7/10 - FRANCISCO MORATO,DOFE,229
DISTRIBUICAO 7/10 SAO CAETANO,DOFE,230
SUBESTACAO MAUA,DOFE,231
SUBESTACAO SAO CAETANO,DOFE,232
SUBESTACAO PARI,DOFE,233
SUBESTACAO TIETE,DOFE,234
SUBESTACAO CAIEIRAS,DOFE,235
SUBESTACAO FRANCISCO MORATO,DOFE,236
SUBESTACOES E CABINAS SECCIONADORAS 8/9,DOFE,237
TELECOMANDO DE SUBESTACOES E CABINAS SECCIONADORAS 8/9-PRESIDENTE ALTINO,DOFE,238
EQUIPE SISTEMAS DE ENERGIA 11/12,DOFE,239
REDE AEREA 11/12 - ENG SEBASTIAO GUALBERTO,DOFE,240
REDE AEREA 11/12 - CALMON VIANA,DOFE,241
DISTRIBUICAO INSTALACOES 11/12,DOFE,242
SUBESTACAO ENGENHEIRO SEBASTIAO GUALBERTO,DOFE,243
SUBESTACAO ENGENHEIRO SAO PAULO,DOFE,244
SUBESTACAO BRAS CUBAS,DOFE,245
SUBESTACAO ERMELINO MATARAZZO,DOFE,246
EQUIPE SISTEMAS DE ENERGIA 8/9,DOFE,250
EQUIPE SISTEMAS DE ENERGIA 7/10,DOFE,292
EQUIPE DE IMPLANTACAO DE ENERGIA,DOFE,441
DEPTO DE MANUT DE SISTEMAS ELETRONICOS E RESTABELECIMENTO DE SERVICOS,DOFS,24
SINALIZACAO LUZ,DOFS,25
RESTABELECIMENTO LUZ,DOFS,26
RESTABELECIMENTO PRESIDENTE ALTINO,DOFS,27
SINALIZACAO PREVENTIVA BRAS,DOFS,28
EQUIPE SINALIZACAO E TELECOMUNICACAO 8/9,DOFS,251
SINALIZACAO PREVENTIVA LUZ,DOFS,293
SINALIZACAO SAO CAETANO,DOFS,294
RESTABELECIMENTO SAO CAETANO,DOFS,295
SINALIZACAO PREVENTIVA SAO CAETANO,DOFS,296
SINALIZACAO PREVENTIVA MAUA,DOFS,297
RESTABELECIMENTO PIRITUBA,DOFS,298
SINALIZACAO PREVENTIVA PIRITUBA,DOFS,299
SINALIZACAO PREVENTIVA FRANCISCO MORATO,DOFS,300
TELECOMUNICACOES LAPA,DOFS,301
TELECOMUNICACOES LUZ,DOFS,302
TELECOMUNIC/RADIO BARRA FUNDA,DOFS,303
SINALIZACAO PREVENTIVA PRES ALTINO,DOFS,304
RESTABELECIMENTO BARUERI,DOFS,305
RESTABELECIMENTO CIDADE JARDIM,DOFS,306
TELECOMUNICACOES MANUT TELEFONICA PRES ALTINO,DOFS,307
TELECOMUNICACOES/BLOQUEIOS-PRES ALTINO,DOFS,308
TELECOMUNICACOES RADIO/SOM/CRON/BLOQ P ALTINO,DOFS,309
TELECOMUNICAO/TRANSMISSAO PRESIDENTE ALTINO,DOFS,310
SINALIZACAO PREVENTIVA CALMON VIANA,DOFS,311
RESTABELECIMENTO ENG SEBASTIAO GUALBERTO,DOFS,312
SINALIZACAO PREVENTIVA ENG SEB GUALBERTO,DOFS,313
SINALIZACAO PREVENTIVA - JOSE BONIFACIO,DOFS,314
RESTABELECIMENTO JOSE BONIFACIO,DOFS,315
RESTABELECIMENTO SAO MIGUEL PTA,DOFS,316
SINALIZACAO PREVENTIVA-SAO MIGUEL PTA,DOFS,317
TELECOMUNICACOES BRAS,DOFS,318
RESTABELECIMENTO TELECOMUNICACOES BRAS,DOFS,319
TELECOMUNICACOES RADIO/SOM/CRON/BLOQ BRAS,DOFS,320
CIM - BRAS,DOFS,428
CIM - CONTROLE DE OPERACOES ELETRICAS - COE,DOFS,429
"CIM - CONTROLE, REGISTRO E ACOMPANHAMENTO DE FALHAS",DOFS,430
RESTABELECIMENTO CCO BRAS,DOFS,431
OFICINA DE SINALIZACAO,DOFS,432
RESTABELECIMENTO BRAS,DOFS,433
RESTABELECIMENTO CALMON VIANA,DOFS,434
EQUIPE DE IMPLANTACAO DE SINALIZACAO E TELECOM,DOFS,442
RESTABELECIMENTO BARRA FUNDA,DOFS,568
SINALIZACAO PREVENTIVA CARAPICUIBA,DOFS,569
RESTABELECIMENTO JURUBATUBA,DOFS,570
EQUIPE SISTEMAS OPERACIONAIS,DOGB,4
DEPTO DE ENGENHARIA DE BILHETAGEM E ENERGIA ELETRICA,DOGB,181
EQUIPE DE GESTAO DE ENERGIA ELETRICA,DOGB,193
EQUIPE DE BILHETAGEM E EQPTOS AUD DE ESTACOES,DOGB,194
DEPTO DE ENGENHARIA DE ESTACOES E COMUNICACAO,DOGC,80
EQUIPE COMUNICACAO VISUAL,DOGC,81
EQUIPE DE ACESSIBILIDADE,DOGC,186
EQ DE PROJ E PROC DE INFRA ESTRUTURAS DE ESTACOES,DOGC,192
EQUIPE DE RELACOES HUMANAS E CONTROLE DE ACOES TRABALHISTAS,DOGC,224
EQUIPE DE PROJ E PROC ORG CONTR E LOG ESTACOES,DOGC,225
DEPTO DE ENGENHARIA DE SISTEMAS E EQUIPAMENTOS,DOGI,180
EQUIPE DE ESTUDOS OPERACIONAIS E PLANOS DE CONTINGENCIA,DOGI,221
EQUIPE DE DOCUMENTACAO TECNICA,DOGI,222
EQUIPE DE GESTAO,DOGI,223
DEPARTAMENTO DE ALMOXARIFADOS,DOLA,104
EQUIPE DE ALMOXARIFADO - LAPA,DOLA,105
EQUIPE DE ALMOXARIFADO - PRESIDENTE ALTINO,DOLA,511
EQUIPE DE CADASTRO,DOLM,106
EQUIPE DE CONTRATOS,DOLM,107
EQUIPE DE MATERIAIS,DOLM,108
EQUIPE DE INVENTARIO PERMANENTE,DOLM,478
EQUIPE DE FUNDO FIXO,DOLM,494
EQUIPE DE PESQUISA DE PRECO,DOLM,495
EQUIPE DE PLANEJAMENTO ESTRATEGICO,DOLM,496
EQUIPE DE UNIFORMES,DOLM,497
DEPARTAMENTO DE GESTAO E CADASTRO DE MATERIAIS,DOLM,509
DEPARTAMENTO DE RELACIONAMENTO COM O PASSAGEIRO,DOOP,510
EQUIPE APOIO A GESTAO DE ORCAMENTO,DOPC,35
EQUIPE APOIO A GESTAO DE CONTRATOS,DOPC,207
DEPTO DE PLANEJAMENTO CONTROLE E GESTAO,DOPC,359
OFICINA LUZ MANOBRAS,DORA,5
DEPTO DE MANUT MAT RODANTE - LAPA,DORA,9
ABRIGO LAPA MANOBRAS LAPA,DORA,115
ABRIGO LAPA SOLDA,DORA,116
OFICINA LUZ ELEVADORES,DORA,117
ABRIGO LAPA PREVENTIVA ELETRICA MECANICA NOTURNO,DORA,170
ABRIGO LAPA-FISCALIZAÇÃO LUZ,DORA,198
ABRIGO LAPA PREVENTIVA MECANICA,DORA,209
ABRIGO LAPA FRESADORA,DORA,360
ABRIGO LAPA CORRETIVA E FISCALIZACAO,DORA,567
ABRIGO PRES ALTINO PREVENTIVA,DORB,118
ABRIGO PRES ALTINO - FISCALIZACAO E QUALIDADE NOTURNA,DORB,119
ABRIGO PRES ALTINO - MANUTENCAO DE TRENS,DORB,120
ABRIGO PRES ALTINO - APOIO E MANOBRAS,DORB,121
ABRIGO PRES ALTINO - FISCALIZACAO E QUALIDADE,DORB,125
DEPTO DE MANUT MAT RODANTE - P ALTINO,DORB,247
ABRIGO ENG SP-FISCALIZACAO E CONTROLE,DORE,95
DEPTO DE MANUT MAT RODANTE - ENG S PAULO,DORE,122
ABRIGO ENG SP-PREVENTIVA MECANICA,DORE,210
ABRIGO ENG SP -PREV ENTIVA NOTURNA,DORE,356
ABRIGO ENG SP PREVENTIVA MECANICA DIURNA,DORE,440
"ABRIGO ENG SP PLANEJAMENTO, CONTROLE E LOGISTICA",DORE,448
ABRIGO ENG SP PREVENTIVA ELETRICA DIURNA,DORE,449
ABRIGO ENG SP PREVENTIVA MECANICA NOTURNA,DORE,450
ABRIGO ENG SP PREVENTIVA ELETRICA NOTURNA,DORE,451
ABRIGO ENG SP CORRETIVA E MANOBRA,DORE,452
ABRIGO ENG SP FISCALIZACAO E QUALIDADE,DORE,453
DEPTO DE OFICINAS DE MANUTENCAO,DORO,8
EQUIPE OFICINA PRES ALTINO,DORO,10
GERADORES E AUXILIARES,DORO,11
EQUIPAMENTOS PNEUMATICOS COMPRESSORES,DORO,12
EQUIPAMENTOS PNEUMATICOS BLOCOS CILINDROS FREIOS,DORO,13
USINAGEM E METALURGIA-USINAGEM,DORO,14
USINAGEM E METALURGIA SOLDA/CALDEIRARIA,DORO,15
TRUQUES PRES ALTINO,DORO,16
COMPONENTES MECANICOS,DORO,17
PANTOGRAFOS E CANOAS,DORO,18
EQUIPE OFICINA LAPA,DORO,19
EQUIPAMENTOS POTENCIA CAIXAS E COMPONENTES ELETR,DORO,96
PINTURA E FIBRA APARENCIA GERAL,DORO,141
EQUIPAMENTOS ELETROMECANICOS LABORATORIO,DORO,151
TRUQUES LAPA,DORO,152
MANUTENCAO  INDUSTRIAL ELETRICA-LAPA,DORO,153
MANUTENCAO  EQUIPAMENTOS MOVEIS,DORO,154
RODEIROS LAPA,DORO,155
MANUTENCAO  INDUSTRIAL MECANICA-LAPA,DORO,169
MANUTENCAO INDUSTRIAL MECANICA-PRES ALTINO,DORO,188
MANUTENCAO INDUSTRIAL ELETRICA-PRES ALTINO,DORO,189
MANUTENCAO INDUSTRIAL ELETRICA-BRÁS,DORO,199
EQUIPAMENTOS POTENCIA BATERIAS,DORO,211
RODEIROS PRES ALTINO,DORO,212
"EQUIPE OFICINA TRENS, LOCOMOTIVAS E VAGOES",DORO,215
MONTAGEM E TESTES DOS TRENS LOCOMOTIVAS TREM TURISTICO,DORO,216
MANUTENCAO  LOCOMOTIVAS E VAGOES,DORO,217
EQUIPAMENTOS ELETROMECANICOS CAIXAS E COMPONENTES,DORO,248
MOTORES DE TRACAO,DORO,350
LABORATORIO DE SISTEMAS ELETRONICOS,DORO,458
OFICINA PRESIDENTE ALTINO ELETRONICA,DORO,459
LABORATORIO DE TELECOMUNICACOES,DORO,460
OFICINA DE SINALIZACAO,DORO,461
EQUIPE MANUTENCAO E OPERACAO DE MAQUINAS E EQUIPAMENTOS VP,DORO,536
MANUTENCAO DE MAQUINAS DE CORRECAO GEOMETRICA,DORO,537
MANUTENCAO MECANICA DE MAQUINAS ESPECIAIS,DORO,538
MANUTENCAO ELETROELETRONICA GERAL,DORO,539
OPERACAO DE MAQUINAS ESPECIAIS PLASSER-SPENO,DORO,540
MANUTENCAO DE MAQUINAS PORTATEIS E GRUPO MOTO-GERADORES,DORO,541
MANUTENCAO DE CAMINHOES DE LINHA,DORO,542
MANUTENCAO EQUIP TERRAPL MOV DE CARGA RODOVIARIOS E RODOFERROV,DORO,543
PRODUCAO DE COMPONENTES DE VP E METALURGIA,DORO,544
DEPTO DE EFETIVO E LOGISTICA,DOSE,75
"EQUIPE TECNOLOGIA , CONTROLE E ESTRAT OPERAC",DOSE,91
CENTRAL DE MONITORAMENTO DA SEGURANÇA,DOSE,126
INSPECAO TECNICA,DOSE,137
PROCESSOS,DOSE,213
DEPTO DE SEGURANCA E VIGILANCIA,DOSV,76
SEGURANCA OPERACIONAL-LINHAS 7/10,DOSV,77
SEGURANCA OPERACIONAL-LINHAS 8/9,DOSV,78
EQUIPE SEGURANCA - LINHA 7,DOSV,92
SERVICO DE INTELIGENCIA INTEGRADO,DOSV,127
GRUPAMENTO LINHA 7- BARRA FUNDA,DOSV,128
GRUPAMENTO LINHA 7-FRANCISCO MORATO,DOSV,129
GRUPAMENTO LINHA 10-TAMANDUATEI,DOSV,130
EQUIPE SEGURANCA - LINHA 8,DOSV,131
GRUPAMENTO LINHA 8- JULIO PRESTES,DOSV,132
GRUPAMENTO LINHA 8-PRES ALTINO,DOSV,133
GRUPAMENTO LINHA 8- CARAPICUIBA,DOSV,134
EQUIPE SEGURANCA - LINHA 9,DOSV,135
GRUPAMENTO LINHA 9-GRANJA JULIETA,DOSV,136
EQUIPE SEGURANCA - LINHA 10,DOSV,178
GRUPAMENTO LINHA 9- PINHEIROS,DOSV,179
GRUPAMENTO LINHA 8-JANDIRA,DOSV,190
GRUPAMENTO LINHA 10 - BASE MAUA,DOSV,214
SEGURANCA OPERACIONAL-LINHAS 11/12/13,DOSV,343
EQUIPE SEGURANCA - LINHA 11,DOSV,344
GRUPAMENTO LINHA 11- GUAIANAZES,DOSV,345
GRUPAMENTO LINHA 11- SUZANO,DOSV,346
EQUIPE SEGURANCA - LINHA 12,DOSV,347
GRUPAMENTO LINHA 12 - BRAS,DOSV,348
GRUPAMENTO LINHA 12 - ITAIM PAULISTA,DOSV,349
EQUIPE SEGURANÇA - LINHA 13,DOSV,353
GRUPAMENTO LINHA 13 - ENG GOULART,DOSV,354
EQUIPE SISTEMAS DE ENERGIA,DOTI,54
EQUIPE SINALIZACAO E TELECOMUNICACOES,DOTI,55
DEPTO DE ENG DE MANUT INST FIXAS,DOTI,112
EQUIPE SISTEMAS ELETROMECANICOS,DOTI,512
DEPTO DE ENG DE MANUT DE MATERIAL RODANTE,DOTM,3
DEPTO DE ENGENHARIA DE MANUTENCAO DE MATERIAL RODANTE,DOTM,443
EQUIPE ENGENHARIA DE PROJETOS DO MATERIAL RODANTE,DOTM,444
EQUIPE ENGENHARIA DE MANUTENCAO DE TRENS,DOTM,445
EQUIPE ENGENHARIA DE MANUT DE VEICULOS E MAQ AUX DO MATERIAL RODANTE,DOTM,446
EQUIPE DE PROGRAMAS ESPECIAIS DO MATERIAL RODANTE,DOTM,447
DEPTO DE ENG DE MANUTENCAO DE VP E ESTRUTURA CIVIL,DOTV,1
EQUIPE DE EDIFICACOES,DOTV,2
EQUIPE VIA PERMANENTE,DOTV,249
"DEPTO DE MANUTENCAO DE ESTRUTURA CIVIL - LINHAS 7, 8 e 9",DOVC,414
BASE DE MANUTENCAO CIVIL - LINHA 8,DOVC,530
BASE DE MANUTENCAO CIVIL - LINHA 9,DOVC,531
BASE DE MANUTENCAO CIVIL - LINHA 7,DOVC,566
"DEPTO DE MANUTENCAO DE ESTRUTURA CIVIL - LINHAS 10, 11, 12 e 13",DOVD,532
BASE DE MANUTENCAO CIVIL - LINHA 10,DOVD,533
BASE DE MANUTENCAO CIVIL - LINHA 11,DOVD,534
BASE DE MANUTENCAO CIVIL - LINHA 12 e 13,DOVD,535
DEPTO DE MANUTENCAO DE VIA PERMANENTE - LINHAS 7/8/9,DOVF,412
EQUIPE DE OPERACAO DE MAQUINAS ESPECIAIS PLASSER-SPENO,DOVF,454
EQUIPE DE INFRA E SUPERESTRUTURA VP - LAPA,DOVF,546
MANUTENCAO DE INFRA E SUPERESTRUTURA - LINHA 7 LUZ-VAU,DOVF,547
MANUTENCAO DE INFRA E SUPERESTRUTURA - LINHA 7 VAU-JUN,DOVF,548
EQUIPE DE INFRA E SUPERESTRUTURA VP - PRESIDENTE ALTINO,DOVF,549
MANUTENCAO DE INFRA E SUPERESTRUTURA - LINHA 8,DOVF,550
MANUTENCAO DE INFRA E SUPERESTRUTURA - LINHA 9,DOVF,551
CORRECAO GEOMETRICA - PRESIDENTE ALTINO,DOVF,552
SOLDAS E EQUIPAMENTOS - PRESIDENTE ALTINO,DOVF,553
EQUIPE DE LOCOMOTIVAS - LINHAS 7/10 - LAPA,DOVF,584
EQUIPE DE LOCOMOTIVAS - LINHAS 8/9 - PRESIDENTE ALTINO,DOVF,585
EQUIPE DE LOCOMOTIVAS - LINHAS 11/12 - CALMON VIANA,DOVF,586
DEPTO DE MANUTENCAO DE VIA PERMANENTE - LINHAS 10/11/12/13,DOVL,413
EQUIPE USINA DE SOLDA DE TRILHOS - PIRITUBA,DOVL,476
EQUIPE DE OPERACAO MECANIZADA INFRAESTRUTURA DE VP,DOVL,477
EQUIPE DE INFRA E SUPERESTRUTURA VP - CALMON VIANA,DOVL,554
MANUTENCAO DE INFRA E SUPERESTRUTURA - LINHA 11 ALV-GUA,DOVL,555
MANUTENCAO DE INFRA E SUPERESTRUTURA - LINHA 11 BAS-ALV,DOVL,556
MANUTENCAO DE INFRA E SUPERESTRUTURA - LINHA 11 GUA-EST,DOVL,557
MANUTENCAO DE INFRA E SUPERESTRUTURA - LINHA 12,DOVL,558
CORRECAO GEOMETRICA - CALMON VIANA,DOVL,559
SOLDAS E EQUIPAMENTOS - CALMON VIANA,DOVL,560
EQUIPE DE INFRA E SUPERESTRUTURA VP - SAO CAETANO,DOVL,561
MANUTENCAO DE INFRA E SUPERESTRUTURA - LINHA 10 LUZ-UTG,DOVL,562
MANUTENCAO DE INFRA E SUPERESTRUTURA - LINHA 10 UTG-RPI,DOVL,563
CORRECAO GEOMETRICA - SAO CAETANO,DOVL,564
SOLDAS E EQUIPAMENTOS - SAO CAETANO,DOVL,565
DEPARTAMENTO DE MONITORAMENTO ESTRATEGICO,DPEM,387
DEPARTAMENTO DE PESQUISA E MOBILIDADE,DPEP,254
DEPARTAMENTO DE PLANEJAMENTO DA MOBILIDADE E PESQUISA,DPEP,462
DEPTO DE PROJETOS E EDIFICACOES,DPPE,184
DEPTO DE PROJETOS DE INFRAESTRUTURA,DPPI,162
DEPARTAMENTO DE GESTAO DO TERRITORIO,DPRG,385
EQUIPE DE RECEITA,DPRG,498
EQUIPE DE AVALIACOES,DPRG,499
EQUIPE DE GEOPROCESSAMENTO,DPRG,500
DEPARTAMENTO DE PROJETOS DE SINAL TELEC E EQUIPAMENTOS,DPST,160
DEPTO DE PLANEJAMENTO DE TRANSPORTE,DPTT,161
DEPARTAMENTO DE AUDITORIA,DRAU,479
DEPARTAMENTO DE CUSTOS DE OBRAS CIVIS E FORMACAO DE PRECOS,DRCC,480
DEPARTAMENTO DE CUSTOS DE SISTEMAS E SERVICOS,DRCS,481
NUCLEO DE AVALIACOES AMBIENTAIS/LAUDO E GESTAO DE RISCO,DRHR,51
DEPTO DE SEGURANCA DO TRABALHO E RELACOES SINDICAIS,DRHR,144
DEPARTAMENTO DE CONFORMIDADE E CONTROLE INTERNO,DRIC,33
DEPARTAMENTO DE GESTAO DE RISCOS,DRIR,34
DEPTO JURIDICO CONTENCIOSO,DRJC,31
DEPTO JURIDICO CRIMINAL E DE PROCEDIMENTOS INQUISITIVOS,DRJI,502
DEPTO JURIDICO LICITACOES E CONTROLE EXTERNO,DRJL,388
DEPTO JURIDICO CONSULTIVO E PREVENTIVO,DRJP,74
DEPTO JURIDICO CONTENCIOSO TRABALHISTA,DRJT,32
DEPARTAMENTO DE IMPRENSA,DRMI,492
DEPARTAMENTO DE MARKETING,DRMK,171
EQUIPE DE COMUNICACAO INTERNA,DRMK,471
EQUIPE DE CRIACAO,DRMK,472
EQUIPE DE EVENTOS,DRMK,473
EQUIPE DE REDES SOCIAIS,DRMK,474
DEPARTAMENTO DE RELACIONAMENTO COM O PASSAGEIRO,DRMP,358
OUVIDORIA,DROV,123
LICENCA SEM VENCIMENTOS,LICSVENC,71
